{
    "$schema": "https://developer.microsoft.com/en-us/json-schemas/teams/v1.16/MicrosoftTeams.Localization.schema.json",
    "name.short": "Maryam - PCFC Digital Human",
    "name.full": "Maryam - PCFC Digital Human Assistant",
    "description.short": "PCFC Digital Human Assistant",
    "description.full": "a Multi-Channel Smart Chatbot and a search engine capable of comprehending diverse types of data scattered across various locations. Additionally, the conversational chatbot should be able to provide answers to inquiries, along with the source and an explanation of how and where the answer was obtained. In other words, you want private and secured ChatGPT for PCFC that can interpret, comprehend, and answer questions about your business data.",
    "staticTabs[0].name": "Conversations",
    "staticTabs[1].name": "About",
    "bots[0].commandLists[0].commands[0].title": "Hello!",
    "bots[0].commandLists[0].commands[0].description": "Welcome to the ChatBot"
}